name,country,source,website,email,phone,address,industry,sub_industry,contact_person,contact_title,products_services,tender_categories,source_url,notes
High Rolla Trucking Limited,Jamaica,GOJEP Awards,,,,,W0050-Civil Engineering,,,,,construction,https://www.gojep.gov.jm/epps/cft/prepareViewCfTWS.do?resourceId=9344665,"won: Hurricane Melissa October 28, 2025, Emergency Cleanup Works; value: 3198593.20 Currency: JMD; date: 23/04/2026 15:47:48; agency: National Works Agency"
El-Mech Services Limited,Jamaica,GOJEP Awards,,,,,"G0300-Industrial, Construction Equipment, Machinery, Parts and Supplies",,,,,construction;supply,https://www.gojep.gov.jm/epps/cft/prepareViewCfTWS.do?resourceId=9221860,won: Procurement of Replacement parts for Cleaver Brooks Boilers 26/27-AL-081; value: 1989071.05 Currency: JMD; date: 23/04/2026 15:36:55; agency: Western Regional Health Authority
Copiers And Consumables Limited,Jamaica,GOJEP Awards,,,,,"G0130-Computers, Computer Equipment, Parts and Supplies",,,,,it;supply;healthcare,https://www.gojep.gov.jm/epps/cft/prepareViewCfTWS.do?resourceId=9124470,won: The Procurement of One (1) Monochrome Multifunction Document System for St. Elizabeth Health Department within Southern Regional Health Authority; value: 1575814.64 Currency: JMD; date: 23/04/2026 15:16:03; agency: Southern Regional Health Authority
FSC Construction Works Limited,Jamaica,GOJEP Awards,,,,,W0050-Civil Engineering,,,,,construction,https://www.gojep.gov.jm/epps/cft/prepareViewCfTWS.do?resourceId=9343402,"won: Emergency Works Hurricane Melissa Reopening of Roads -Barnett -Adelphi ( Chelsea), St. James; value: 6608472.48 Currency: JMD; date: 23/04/2026 14:51:03; agency: National Works Agency"
Smart Mobile Solutions JA Limited,Jamaica,GOJEP Awards,,,,,"G0130-Computers, Computer Equipment, Parts and Supplies",,,,,it;supply,https://www.gojep.gov.jm/epps/cft/prepareViewCfTWS.do?resourceId=6021935,won: CP1723/24 Supply and Delivery of Fifty (50) Samsung A9+5G 8GB Tablets and Fifty (50) Samsung Galaxy Kickstand Case for ICT Department; value: 2/ 2; date: 23/04/2026 13:37:59; agency: National Water Commission
Andrew Wilson TA Wilson Construction and Interior Service,Jamaica,GOJEP Awards,,,,,W0040-Building Maintenance,,,,,construction,https://www.gojep.gov.jm/epps/cft/prepareViewCfTWS.do?resourceId=8763255,won: Renovation of E-Title Office Space; value: 3642486.80 Currency: JMD; date: 23/04/2026 13:05:07; agency: National Land Agency
Management Control Systems Limited,Jamaica,GOJEP Awards,,,,,"G0150-Electrical Equipment, Parts and Supplies",,,,,supply;energy,https://www.gojep.gov.jm/epps/cft/prepareViewCfTWS.do?resourceId=8959996,won: Procurement of Maintenance Fuser Kits; value: 1919687.36 Currency: JMD; date: 23/04/2026 12:55:03; agency: Electoral Office Of Jamaica
Millers Electric and Construction Company Limited,Jamaica,GOJEP Awards,,,,,W0050-Civil Engineering,,,,,construction,https://www.gojep.gov.jm/epps/cft/prepareViewCfTWS.do?resourceId=9341861,"won: Hurricane Melissa October 28, 2025, Emergency Cleanup Works; value: 7428440.39 Currency: JMD; date: 23/04/2026 12:47:06; agency: National Works Agency"
S M Quality Construction Limited,Jamaica,GOJEP Awards,,,,,W0030-Building Construction,,,,,construction,https://www.gojep.gov.jm/epps/cft/prepareViewCfTWS.do?resourceId=7274104,won: Renovation of JCF Convalescent Centre (Retendered); value: 2/ 2; date: 23/04/2026 12:15:52; agency: Ministry of National Security
Champion Industrial Equipment and Supplies Ltd,Jamaica,GOJEP Awards,,,,,W0220-Pipe Laying,,,,,,https://www.gojep.gov.jm/epps/cft/prepareViewCfTWS.do?resourceId=9302812,"won: Emergency Repairs to Collapsed Sewer along Beckford Street, Down Town; value: 22664921.00 Currency: JMD; date: 23/04/2026 12:09:02; agency: National Water Commission"
Odel Allen Construction,Jamaica,GOJEP Awards,,,,,W0050-Civil Engineering,,,,,construction,https://www.gojep.gov.jm/epps/cft/prepareViewCfTWS.do?resourceId=9340583,"won: Emergency Works Hurricane Melissa Reopening of Roads - Barnett - Adelphi ( Chelsea), St. James; value: 1241700.30 Currency: JMD; date: 23/04/2026 11:54:13; agency: National Works Agency"
Matcon construction systems limited,Jamaica,GOJEP Awards,,,,,W0050-Civil Engineering,,,,,construction,https://www.gojep.gov.jm/epps/cft/prepareViewCfTWS.do?resourceId=9340010,"won: Hurricane Melissa October 28, 2025, Emergency Cleanup Works; value: 7919174.76 Currency: JMD; date: 23/04/2026 11:49:38; agency: National Works Agency"
Dutch Construction Limited,Jamaica,GOJEP Awards,,,,,W0050-Civil Engineering,,,,,construction;supply,https://www.gojep.gov.jm/epps/cft/prepareViewCfTWS.do?resourceId=8427001,won: Emergency Procurement - Patching - Various Locations (Package B) Portland; value: 24999770.00 Currency: JMD; date: 23/04/2026 11:36:23; agency: National Works Agency
Jesgo Construction Limited,Jamaica,GOJEP Awards,,,,,W0050-Civil Engineering,,,,,construction,https://www.gojep.gov.jm/epps/cft/prepareViewCfTWS.do?resourceId=9339280,won: Emergency Works Hurricane Melissa reopening of roads Lime Tree Lane Gully Tower Avenue Gully Dupont Bridge Gully; value: 4997038.78 Currency: JMD; date: 23/04/2026 10:56:49; agency: National Works Agency
Ammando Whyte T/A A.Whyte Roofing and Construction,Jamaica,GOJEP Awards,,,,,W0030-Building Construction,,,,,construction,https://www.gojep.gov.jm/epps/cft/prepareViewCfTWS.do?resourceId=8851633,"won: The Renovation of the Seed Certification Laboratory Bathroom at the Bodles Research Station, St. Catherine; value: 2/ 2; date: 23/04/2026 10:22:37; agency: Ministry of Agriculture Fisheries and Mining"
D.R. Foote Construction Co. Limited,Jamaica,GOJEP Awards,,,,,W0100-General Road Works,,,,,construction;cleaning,https://www.gojep.gov.jm/epps/cft/prepareViewCfTWS.do?resourceId=9093820,won: Drain Cleaning Works along the Elegant Corridor in St. James; value: 2/ 2; date: 23/04/2026 09:13:24; agency: Tourism Enhancement Fund
TYRES R US LIMITED,Jamaica,GOJEP Awards,,,,,G0390-Motor Vehicle Spares and Accessories,,,,,supply;logistics,https://www.gojep.gov.jm/epps/cft/prepareViewCfTWS.do?resourceId=8837555,won: 2026-02-13-001- PROCUREMENT OF ASSORTED TYRES (Q4); value: 9889019.91 Currency: JMD; date: 22/04/2026 23:45:46; agency: SPM Waste Management Limited
KINGALARM SERVICES LIMITED,Jamaica,GOJEP Awards,,,,,S0530-Safety and Security Services - Guard Services,,,,,security,https://www.gojep.gov.jm/epps/cft/prepareViewCfTWS.do?resourceId=9233120,won: Provision of Security service for Orange St.James May 2026 26/27-AL-137; value: 946818.00 Currency: JMD; date: 22/04/2026 23:45:14; agency: Western Regional Health Authority
ALL POWER LIMITED,Jamaica,GOJEP Awards,,,,,"G0150-Electrical Equipment, Parts and Supplies",,,,,supply;energy,https://www.gojep.gov.jm/epps/cft/prepareViewCfTWS.do?resourceId=9160538,"won: 2026-03-27-001- SUPPLY, INSTALL AND COMMISSION STANDBY GENERATOR; value: 13677200.00 Currency: JMD; date: 22/04/2026 23:44:59; agency: SPM Waste Management Limited"
SINGHS PROPERTY COMPANY LTD,Jamaica,GOJEP Awards,,,,,S0610-Transportation and Haulage - Aggregate and Construction Material,,,,,construction;cleaning,https://www.gojep.gov.jm/epps/cft/prepareViewCfTWS.do?resourceId=8943211,"won: RFQ-2026-02-27-003- PROVISION OF COVER MATERIAL FOR THE ACTIVE BULKY WASTE CELL, MARTINS HILL DISPOSAL SITE (Q4); value: 9121350.00 Currency: JMD; date: 22/04/2026 23:38:32; agency: SPM Waste Management Limited"
DELAPENHA FUNERAL HOME LIMITED,Jamaica,GOJEP Awards,,,,,S0280-Funeral Services,,,,,,https://www.gojep.gov.jm/epps/cft/prepareViewCfTWS.do?resourceId=9221421,won: Provision of Burial Services for Adult Indigents 26/27-AL-047; value: 2250000.00 Currency: JMD; date: 22/04/2026 23:19:11; agency: Western Regional Health Authority
SHEKINAH TRADING LIMITED,Jamaica,GOJEP Awards,,,,,"G0350-Medical, Equipment and Supplies",,,,,supply;healthcare,https://www.gojep.gov.jm/epps/cft/prepareViewCfTWS.do?resourceId=8738477,won: Procurement of Medical Supplies (Cervical Scrapers); value: 264500.00 Currency: JMD; date: 22/04/2026 22:00:21; agency: St. Catherine Health Services
Clifton Berrick T/A Berricks Pots Meat and More,Jamaica,GOJEP Awards,,,,,G0360-Merchandise,,,,,supply,https://www.gojep.gov.jm/epps/cft/prepareViewCfTWS.do?resourceId=9019086,won: Procurement of Merchandise Items (Phone Cards); value: 171737.00 Currency: JMD; date: 22/04/2026 21:41:27; agency: St. Catherine Health Services
Brentwood Construction Limited,Jamaica,GOJEP Awards,,,,,W0030-Building Construction,,,,,construction,https://www.gojep.gov.jm/epps/cft/prepareViewCfTWS.do?resourceId=8877292,won: Repairs of Two (2) Gazebos at the Montego Bay Free Zone; value: 8820610.00 Currency: JMD; date: 22/04/2026 20:50:19; agency: Port Authority of Jamaica
Alpha-Med Global Ltd.,Jamaica,GOJEP Awards,,,,,"G0350-Medical, Equipment and Supplies",,,,,supply;healthcare,https://www.gojep.gov.jm/epps/cft/prepareViewCfTWS.do?resourceId=9191059,won: The Procurement of Laboratory Supplies THSPROC-626A; value: 36897.75 Currency: JMD; date: 22/04/2026 20:49:53; agency: Western Regional Health Authority
Jemar Printery Limited,Jamaica,GOJEP Awards,,,,,S0370-Lithographic and Printing Services,,,,,supply,https://www.gojep.gov.jm/epps/cft/prepareViewCfTWS.do?resourceId=8738827,won: Supply and Delivery of Dockets and Cash Books; value: 219650.00 Currency: JMD; date: 22/04/2026 20:39:59; agency: Kingston and St. Andrew Health Services
Duke's Electrical Company Limited,Jamaica,GOJEP Awards,,,,,W0030-Building Construction,,,,,construction;supply,https://www.gojep.gov.jm/epps/cft/prepareViewCfTWS.do?resourceId=9333575,"won: Procurement of works Under Emergency Circumstances –Repairs to the Trafficking in Persons Shelter, Ref No. MNS2026/03/847; value: 2/ 2; date: 22/04/2026 20:35:53; agency: Ministry of National Security"
Selmic Construction Limited,Jamaica,GOJEP Awards,,,,,W0100-General Road Works,,,,,construction,https://www.gojep.gov.jm/epps/cft/prepareViewCfTWS.do?resourceId=8901599,"won: Esher Road, Islington Division SMMC/2026/50; value: 2/ 2; date: 22/04/2026 20:18:36; agency: St. Mary Municipal Corporation"
PBS Technologies (Jamaica) Limited,Jamaica,GOJEP Awards,,,,,G0540-Stationery Supplies,,,,,supply,https://www.gojep.gov.jm/epps/cft/prepareViewCfTWS.do?resourceId=8735259,won: Supply and Delivery of Blank Labels; value: 414000.00 Currency: JMD; date: 22/04/2026 19:36:44; agency: Kingston and St. Andrew Health Services
Symptai Consulting Limited,Jamaica,GOJEP Awards,,,,,S0130-Consulting Services - General,,,,,consulting,https://www.gojep.gov.jm/epps/cft/prepareViewCfTWS.do?resourceId=8789021,won: Consultancy to support compliance with the Data Protection Act of Jamaica; value: 13248000.00 Currency: JMD; date: 22/04/2026 19:11:34; agency: Planning Institute of Jamaica
SKYMAR BUILDING CONSTRUCTION AND MAINTENANCE LIMITED,Jamaica,GOJEP Awards,,,,,W0030-Building Construction,,,,,construction,https://www.gojep.gov.jm/epps/cft/prepareViewCfTWS.do?resourceId=8775832,"won: Repairs to 35 Hopefield Avenue, Kingston 6; value: 15082700.00 Currency: JMD; date: 22/04/2026 19:03:50; agency: National Land Agency"
MINTECH DISTRIBUTORS LIMITED,Jamaica,GOJEP Awards,,,,,G0500-Safety Products,,,,,supply,https://www.gojep.gov.jm/epps/cft/prepareViewCfTWS.do?resourceId=8459268,won: Supply and Delivery of Personal Protective Equipment; value: 5943542.22 Currency: JMD; date: 22/04/2026 17:00:20; agency: Kingston and St. Andrew Health Services
Stone Plus Limited,Jamaica,GOJEP Awards,,,,,W0050-Civil Engineering,,,,,construction,https://www.gojep.gov.jm/epps/cft/prepareViewCfTWS.do?resourceId=9329059,won: Emergency Works Hurricane Melissa Reopening of Roads Waterford Gully Dyke Road Adair Drive to Godley Avenue St. Cath; value: 6950755.10 Currency: JMD; date: 22/04/2026 16:49:18; agency: National Works Agency
J Squared Stationery and Office Supplies Limited,Jamaica,GOJEP Awards,,,,,G0210-General Supplies,,,,,supply,https://www.gojep.gov.jm/epps/cft/prepareViewCfTWS.do?resourceId=8791068,won: Supply and Delivery of Storage Box; value: 67275.00 Currency: JMD; date: 22/04/2026 16:11:26; agency: Kingston and St. Andrew Health Services
Starlit Hardware Electronics and General Supplies Distributors Limited,Jamaica,GOJEP Awards,,,,,G0230-Hardware and Haberdashery,,,,,supply,https://www.gojep.gov.jm/epps/cft/prepareViewCfTWS.do?resourceId=8781333,won: Supply and Delivey of Chrome Faucets; value: 162840.00 Currency: JMD; date: 22/04/2026 15:32:26; agency: Kingston and St. Andrew Health Services
BIODEN CHEMICALS LIMITED,Jamaica,GOJEP Awards,,,,,"G0320-Janitorial, Sanitation Supplies",,,,,supply;cleaning,https://www.gojep.gov.jm/epps/cft/prepareViewCfTWS.do?resourceId=8791445,won: Supply and Delivery of Alcohol; value: 288420.00 Currency: JMD; date: 22/04/2026 15:10:09; agency: Kingston and St. Andrew Health Services
Kemilles Kleen Nest limited,Jamaica,GOJEP Awards,,,,,G0430-Pesticides,,,,,supply,https://www.gojep.gov.jm/epps/cft/prepareViewCfTWS.do?resourceId=8525980,won: Procurement of Insect Repellent (Vector); value: 471960.00 Currency: JMD; date: 22/04/2026 14:52:15; agency: St. Catherine Health Services
Donemar Limited,Jamaica,GOJEP Awards,,,,,"G0350-Medical, Equipment and Supplies",,,,,supply;healthcare,https://www.gojep.gov.jm/epps/cft/prepareViewCfTWS.do?resourceId=8177805,won: Supply and Delivery of Needles; value: 1327100.00 Currency: JMD; date: 22/04/2026 14:36:31; agency: Kingston and St. Andrew Health Services
Inova Solutions Jamaica (ISJ) Limited,Jamaica,GOJEP Awards,,,,,"G0130-Computers, Computer Equipment, Parts and Supplies",,,,,it;supply,https://www.gojep.gov.jm/epps/cft/prepareViewCfTWS.do?resourceId=8617932,won: Procurement for Migration from Microsoft Exchange Server 2019 On-Premises to Microsoft Exchange Online; value: 2/ 2; date: 21/04/2026 20:09:52; agency: Electoral Office Of Jamaica
ROYALE COMPUTERS AND ACCESSORIES LIMITED,Jamaica,GOJEP Awards,,,,,"G0410-Office Equipment Supplies, Parts and Supplies",,,,,supply,https://www.gojep.gov.jm/epps/cft/prepareViewCfTWS.do?resourceId=9134598,won: Procurement of Five Hundred (500) USB Flash Drives; value: 505281.25 Currency: JMD; date: 21/04/2026 20:04:45; agency: Electoral Office Of Jamaica
AE Tactical LTD,Jamaica,GOJEP Awards,,,,,"G0350-Medical, Equipment and Supplies",,,,,supply;healthcare,https://www.gojep.gov.jm/epps/cft/prepareViewCfTWS.do?resourceId=9030052,"won: Procurement for the Supply and Delivery of Drug Test kits for the Border Protection Division , Jamaica Customs Agency; value: 1253420.25 Currency: JMD; date: 21/04/2026 18:56:18; agency: JCA Project and Initiatives Implementation"
VICK MCNAUGHTON T/AS VM CONSTRUCTION AND HAULAGE,Jamaica,GOJEP Awards,,,,,W0050-Civil Engineering,,,,,construction,https://www.gojep.gov.jm/epps/cft/prepareViewCfTWS.do?resourceId=9319847,"won: Emergency Works Hurricane Melissa Reopening of Roads - Albert Town to Allsides, Trelawny; value: 5087031.20 Currency: JMD; date: 21/04/2026 18:07:46; agency: National Works Agency"
Gibraltar Construction Haulage and Equipment Limited,Jamaica,GOJEP Awards,,,,,W0050-Civil Engineering,,,,,construction;supply,https://www.gojep.gov.jm/epps/cft/prepareViewCfTWS.do?resourceId=8427464,"won: Emergency Procurement – Patching - Various Bus Routes in Portmore (Package B), St. Catherine (Post Hurricane Melissa); value: 19077935.00 Currency: JMD; date: 21/04/2026 16:16:04; agency: National Works Agency"
Lasco Distributors Limited,Jamaica,GOJEP Awards,,,,,G0190-Food and Grocery Items,,,,,supply;food,https://www.gojep.gov.jm/epps/cft/prepareViewCfTWS.do?resourceId=8914477,won: Procurement of Bottled Water; value: 89235.40 Currency: JMD; date: 21/04/2026 16:15:41; agency: St. Catherine Health Services
Marketing Plus Limited T/A Marketing Plus Communications,Jamaica,GOJEP Awards,,,,,S0300-General Services,,,,,,https://www.gojep.gov.jm/epps/cft/prepareViewCfTWS.do?resourceId=1600562,"won: TIU/2021/COMMS/RFP-002-Provision of Public Relations and Media Services to Support the Implementation of a Customer Relationship Management System For The Passport, Immigration and Citizenship Agency (PICA; value: 5738500.00 Currency: JMD; date: 21/04/2026 15:19:35; agency: Transformation Implementation Unit"
SUPREME LAUNDRY SERVICES LIMITED,Jamaica,GOJEP Awards,,,,,S0360-Laundry and Dry Cleaning Services,,,,,cleaning,https://www.gojep.gov.jm/epps/cft/prepareViewCfTWS.do?resourceId=7868486,won: To Provide Laundry Service for VJH 2220020253554; value: 3363750.00 Currency: JMD; date: 21/04/2026 14:39:05; agency: Kingston Public Hospital
VM CONSTRUCTION AND HAULAGE COMPANY LTD T-A VM CONSTRUCTION AND HAULAGE,Jamaica,GOJEP Awards,,,,,W0030-Building Construction,,,,,construction,https://www.gojep.gov.jm/epps/cft/prepareViewCfTWS.do?resourceId=9315251,"won: Emergency hurricane Melissa Repairs at the Pell River Primary School; value: 13639800.00 Currency: JMD; date: 20/04/2026 23:51:33; agency: Ministry of Education, Youth and Information"
Atlantic Industrial Electric Supply Company Limited,Jamaica,GOJEP Awards,,,,,"G0150-Electrical Equipment, Parts and Supplies",,,,,supply;energy,https://www.gojep.gov.jm/epps/cft/prepareViewCfTWS.do?resourceId=8923055,won: Procurement of Electrical Appliance (Surge Protectors); value: 68261.70 Currency: JMD; date: 20/04/2026 22:25:18; agency: St. Catherine Health Services
KNIGHT TRADING COMPANY LTD,Jamaica,GOJEP Awards,,,,,"G0350-Medical, Equipment and Supplies",,,,,supply;healthcare,https://www.gojep.gov.jm/epps/cft/prepareViewCfTWS.do?resourceId=8926101,won: Procurement of Medical Supplies (Bed Rolls); value: 491351.88 Currency: JMD; date: 20/04/2026 22:02:13; agency: St. Catherine Health Services
LP AZAR LIMITED,Jamaica,GOJEP Awards,,,,,G0330-Manufacture and Supply of Textile and Garment Products,,,,,supply,https://www.gojep.gov.jm/epps/cft/prepareViewCfTWS.do?resourceId=8580648,won: The Procurement of Driver Uniform Shirts 2025/2026 - 25-26-HR-0030-DUS; value: 122130.00 Currency: JMD; date: 20/04/2026 20:35:22; agency: Western Regional Health Authority
Modern Waterproofing and Construction,Jamaica,GOJEP Awards,,,,,W0030-Building Construction,,,,,construction,https://www.gojep.gov.jm/epps/cft/prepareViewCfTWS.do?resourceId=9312650,"won: Emergency Hurricane Melissa Repairs at the Lucea Infant School; value: 29690620.00 Currency: JMD; date: 20/04/2026 20:30:18; agency: Ministry of Education, Youth and Information"
HT ROOFING AND CONSTRUCTION LIMITED,Jamaica,GOJEP Awards,,,,,W0030-Building Construction,,,,,construction;supply,https://www.gojep.gov.jm/epps/cft/prepareViewCfTWS.do?resourceId=9312085,"won: Emergency Hurricane Melissa Repairs at the Cornwall Mountain Primary; value: 23975100.00 Currency: JMD; date: 20/04/2026 19:58:08; agency: Ministry of Education, Youth and Information"
Kingston Industrial Garage Limited,Jamaica,GOJEP Awards,,,,,G0390-Motor Vehicle Spares and Accessories,,,,,supply,https://www.gojep.gov.jm/epps/cft/prepareViewCfTWS.do?resourceId=8648906,won: Supply and Delivery of one (1) Four-Wheel Drive SUV; value: 10258000.00 Currency: JMD; date: 20/04/2026 19:04:08; agency: National Land Agency
THLC Company Ltd,Jamaica,GOJEP Awards,,,,,W0030-Building Construction,,,,,construction,https://www.gojep.gov.jm/epps/cft/prepareViewCfTWS.do?resourceId=9310304,"won: Emergency Hurricane Melissa Repairs to Roofs, Waterproofing of Reinforced Concrete Roof Slabs and Repairs to Water Storage tanks at Enid Bennett High School; value: 47609869.00 Currency: JMD; date: 20/04/2026 17:29:03; agency: Ministry of Education, Youth and Information"
Chins Construction Limited,Jamaica,GOJEP Awards,,,,,W0050-Civil Engineering,,,,,construction,https://www.gojep.gov.jm/epps/cft/prepareViewCfTWS.do?resourceId=9309245,won: emergency Works Hurricane Melissa Reopeninh of Roads Jacks Hill Road Skyline Drive Jacks Hill Tavistock terrace St Andrew North Eastern; value: 4096642.26 Currency: JMD; date: 20/04/2026 17:01:46; agency: National Works Agency
Marshall Construction Company Limited,Jamaica,GOJEP Awards,,,,,W0030-Building Construction,,,,,construction,https://www.gojep.gov.jm/epps/cft/prepareViewCfTWS.do?resourceId=9309436,"won: Emergency Hurricane Melissa Repairs at the Friendship Primary School; value: 81965511.08 Currency: JMD; date: 20/04/2026 16:59:26; agency: Ministry of Education, Youth and Information"
Kinetic Engineering Services Limited,Jamaica,GOJEP Awards,,,,,W0050-Civil Engineering,,,,,construction,https://www.gojep.gov.jm/epps/cft/prepareViewCfTWS.do?resourceId=9308540,won: Emergency Works Hurricane Melissa Reopening of Roads Cooriville Garden Drain; value: 4997599.16 Currency: JMD; date: 20/04/2026 16:42:30; agency: National Works Agency
Tropical Metal Products Ltd,Jamaica,GOJEP Awards,,,,,W0030-Building Construction,,,,,construction,https://www.gojep.gov.jm/epps/cft/prepareViewCfTWS.do?resourceId=9308138,"won: Emergency Hurricane Melissa Repairs at Maldon Primary; value: 14027637.00 Currency: JMD; date: 20/04/2026 16:12:48; agency: Ministry of Education, Youth and Information"
Cenitech Engineering Solutions Limited,Jamaica,GOJEP Awards,,,,,W0030-Building Construction,,,,,construction;supply,https://www.gojep.gov.jm/epps/cft/prepareViewCfTWS.do?resourceId=9278796,won: Emergency Procurement – Hurricane Melissa: Renovation and Repairs at Bryce Primary School in Manchester.; value: 47194350.00 Currency: JMD; date: 20/04/2026 15:55:51; agency: National Education Trust
Sylvester Stewart T/A Sylvester Stewart's Enterprises,Jamaica,GOJEP Awards,,,,,W0030-Building Construction,,,,,construction;supply,https://www.gojep.gov.jm/epps/cft/prepareViewCfTWS.do?resourceId=9278835,won: Emergency Procurement – Hurricane Melissa: Renovation and Repairs at Pike Primary and Infant School; value: 53748500.00 Currency: JMD; date: 20/04/2026 15:51:16; agency: National Education Trust
RSJ CONSTRUCTION COMPANY LIMITED,Jamaica,GOJEP Awards,,,,,W0030-Building Construction,,,,,construction;supply,https://www.gojep.gov.jm/epps/cft/prepareViewCfTWS.do?resourceId=9278981,won: Emergency Procurement – Hurricane Melissa: Renovation and Repairs at Montego Bay High School; value: 114336600.00 Currency: JMD; date: 20/04/2026 15:46:24; agency: National Education Trust
Construction Solutions Ltd,Jamaica,GOJEP Awards,,,,,W0030-Building Construction,,,,,construction;supply,https://www.gojep.gov.jm/epps/cft/prepareViewCfTWS.do?resourceId=9279020,"won: Emergency Procurement – Hurricane Melissa: Renovation and Repairs at Bethel Infant School in Hopewell P.O., Hanover, Jamaica; value: 124017891.49 Currency: JMD; date: 20/04/2026 15:39:11; agency: National Education Trust"
Wadmar Construction Limited,Jamaica,GOJEP Awards,,,,,W0030-Building Construction,,,,,construction,https://www.gojep.gov.jm/epps/cft/prepareViewCfTWS.do?resourceId=8733330,"won: Proposed Urgent Renovation Work at the St. Mary Parish Court, Richmond.; value: 2/ 2; date: 20/04/2026 15:24:49; agency: Ministry of Justice and Constitutional Affairs"
Bundah and Sons Construction Limited,Jamaica,GOJEP Awards,,,,,W0050-Civil Engineering,,,,,construction;supply,https://www.gojep.gov.jm/epps/cft/prepareViewCfTWS.do?resourceId=8220746,"won: Emergency Procurement - Patching – Post Hurricane Melissa SER Patching Programme (St. Andrew, St. Catherine, Kingston)- PK 1; value: 45105650.00 Currency: JMD; date: 20/04/2026 15:23:49; agency: National Works Agency"
Maxwell Construction Company Limited,Jamaica,GOJEP Awards,,,,,W0050-Civil Engineering,,,,,construction,https://www.gojep.gov.jm/epps/cft/prepareViewCfTWS.do?resourceId=9306905,won: Emergency Works Huricane Melissa eopening of Roads Merrivale Close; value: 7112542.94 Currency: JMD; date: 20/04/2026 15:18:54; agency: National Works Agency
Howard Construction Company Ltd,Jamaica,GOJEP Awards,,,,,W0030-Building Construction,,,,,construction;supply,https://www.gojep.gov.jm/epps/cft/prepareViewCfTWS.do?resourceId=9279132,won: Emergency Procurement – Hurricane Melissa: Renovation and Repairs at Russells Primary and Infant School in St Elizabeth; value: 46894350.00 Currency: JMD; date: 20/04/2026 15:07:21; agency: National Education Trust
Clifton Anthony Harris T/As CA Quality Development and Construction,Jamaica,GOJEP Awards,,,,,W0030-Building Construction,,,,,construction;supply,https://www.gojep.gov.jm/epps/cft/prepareViewCfTWS.do?resourceId=9279355,"won: Emergency Procurement – Hurricane Melissa: Renovation and Repairs at Good Will Primary and Infant School in Goodwill District, Chatham P.A. St James; value: 100127350.00 Currency: JMD; date: 20/04/2026 14:58:25; agency: National Education Trust"
Construction 365 Company Limited,Jamaica,GOJEP Awards,,,,,W0030-Building Construction,,,,,construction;supply,https://www.gojep.gov.jm/epps/cft/prepareViewCfTWS.do?resourceId=9279642,won: Emergency Procurement – Hurricane Melissa: Renovation and Repairs at Montego Bay Infant School; value: 112303500.00 Currency: JMD; date: 20/04/2026 14:49:21; agency: National Education Trust
SOUTHERN CONTRACTING COMPANY LIMITED,Jamaica,GOJEP Awards,,,,,W0030-Building Construction,,,,,construction;supply,https://www.gojep.gov.jm/epps/cft/prepareViewCfTWS.do?resourceId=9280568,won: Emergency Procurement – Hurricane Melissa: Renovation and Repairs at Lewisville High School; value: 689893620.00 Currency: JMD; date: 20/04/2026 14:24:16; agency: National Education Trust
Lesclar Synergy Construction Company Limited,Jamaica,GOJEP Awards,,,,,W0050-Civil Engineering,,,,,construction;supply,https://www.gojep.gov.jm/epps/cft/prepareViewCfTWS.do?resourceId=8417272,"won: Emergency Procurement - Patching - May Pen to Chapelton, Colonels Ridge to Kellits, Clarendon; value: 34007744.00 Currency: JMD; date: 20/04/2026 14:13:38; agency: National Works Agency"
Pavecon Ltd.,Jamaica,GOJEP Awards,,,,,W0030-Building Construction,,,,,construction;supply,https://www.gojep.gov.jm/epps/cft/prepareViewCfTWS.do?resourceId=9281595,won: Emergency Procurement – Hurricane Melissa: Renovation and Repairs at Black River High School in St Elizabeth; value: 368884926.00 Currency: JMD; date: 20/04/2026 14:11:11; agency: National Education Trust
Dwight Phoenix T/A - Phoenix Inertia,Jamaica,GOJEP Awards,,,,,S0300-General Services,,,,,supply,https://www.gojep.gov.jm/epps/cft/prepareViewCfTWS.do?resourceId=9146985,"won: Procurement for Post Contract Supervision for Installation of Air Conditioning System at 15 West Kings House; value: 2935005.00 Currency: JMD; date: 20/04/2026 14:02:00; agency: Ministry of Education, Youth and Information"
Jacron Technology solutions and Services Limited,Jamaica,GOJEP Awards,,,,,"G0310-Intrusion Detection Equipment, Parts and Supplies",,,,,supply,https://www.gojep.gov.jm/epps/cft/prepareViewCfTWS.do?resourceId=8601087,"won: Retender Procurement for Supply and Installation of CCTV Cameras at Cedric Titus High School; value: 2283720.00 Currency: JMD; date: 20/04/2026 14:00:15; agency: Ministry of Education, Youth and Information"
SANMERNA PAPER PRODUCTS LIMITED,Jamaica,GOJEP Awards,,,,,"G0320-Janitorial, Sanitation Supplies",,,,,supply;cleaning,https://www.gojep.gov.jm/epps/cft/prepareViewCfTWS.do?resourceId=8944880,won: Procurement of Cleaning and Sanitation Supplies (Hand Towels and Tissues); value: 2129432.00 Currency: JMD; date: 20/04/2026 13:11:59; agency: St. Catherine Health Services
Jamaican Association for Debating and Empowerment (JADE) Ltd.,Jamaica,GOJEP Awards,,,,,S0200-Event Planning,,,,,,https://www.gojep.gov.jm/epps/cft/prepareViewCfTWS.do?resourceId=8717548,won: TIU/2026/COMMS/RFQ-001 - Debate Competition Coordination and Event Management Services; value: 33124025.00 Currency: JMD; date: 18/04/2026 20:31:20; agency: Transformation Implementation Unit
Geecho Consultants and Construction Ltd,Jamaica,GOJEP Awards,,,,,W0030-Building Construction,,,,,construction,https://www.gojep.gov.jm/epps/cft/prepareViewCfTWS.do?resourceId=9301701,"won: Emergency Hurricane Melissa Proposed Emergency Repairs to Roofs and canteen Facility at Hamwalk Primary and Infant School; value: 59150750.00 Currency: JMD; date: 17/04/2026 20:56:16; agency: Ministry of Education, Youth and Information"
Lomar Aggregate Company Ltd.,Jamaica,GOJEP Awards,,,,,W0050-Civil Engineering,,,,,construction,https://www.gojep.gov.jm/epps/cft/prepareViewCfTWS.do?resourceId=9301313,"won: Hurricane Melissa Emergency October 28, 2025, F/Y 2025/2026 West Portland; value: 1188849.76 Currency: JMD; date: 17/04/2026 20:36:34; agency: National Works Agency"
Brighton Engineers ltd,Jamaica,GOJEP Awards,,,,,W0050-Civil Engineering,,,,,construction;supply,https://www.gojep.gov.jm/epps/cft/prepareViewCfTWS.do?resourceId=8428608,"won: Emergency Procurement – Patching - Olympic Way, Bay Farm Road, Seaward Drive, Waltham Park Road, Kingston; value: 79810160.00 Currency: JMD; date: 17/04/2026 19:50:04; agency: National Works Agency"
REEBAHAM SERVICES LIMITED,Jamaica,GOJEP Awards,,,,,W0050-Civil Engineering,,,,,construction;supply,https://www.gojep.gov.jm/epps/cft/prepareViewCfTWS.do?resourceId=8426622,"won: Emergency Procurement – Patching -Stony Hill to Tom's River, Long Lane, Old Stony Hill Road, et al, St. Andrew (Post Hurricane Melissa); value: 69500800.00 Currency: JMD; date: 17/04/2026 19:36:39; agency: National Works Agency"
Morris Hill Ltd,Jamaica,GOJEP Awards,,,,,W0050-Civil Engineering,,,,,construction;supply,https://www.gojep.gov.jm/epps/cft/prepareViewCfTWS.do?resourceId=8603655,"won: Emergency Procurement - Patching - Rio Bueno to Port Rhodes to Discovery Bay, Priory to Bamboo Road, et al. (Post Hurricane Melissa); value: 72082500.00 Currency: JMD; date: 17/04/2026 19:19:36; agency: National Works Agency"
Today's Office Limited,Jamaica,GOJEP Awards,,,,,"G0200-Furniture manufacture, repairs and supplies",,,,,supply,https://www.gojep.gov.jm/epps/cft/prepareViewCfTWS.do?resourceId=8971899,won: The Supply and Delivery of Office Furniture THSPROC-759; value: 366040.86 Currency: JMD; date: 17/04/2026 17:28:48; agency: Western Regional Health Authority
CARI-MED GROUP LIMITED,Jamaica,GOJEP Awards,,,,,G0450-Pharmaceutical and Prescription Drugs,,,,,supply,https://www.gojep.gov.jm/epps/cft/prepareViewCfTWS.do?resourceId=8965002,won: The Supply and Delivery of Nutritional Supplements THSPROC-777B; value: 285516.55 Currency: JMD; date: 17/04/2026 17:25:25; agency: Western Regional Health Authority
Assurance Innovative Solution Ltd,Jamaica,GOJEP Awards,,,,,"G0410-Office Equipment Supplies, Parts and Supplies",,,,,supply;healthcare,https://www.gojep.gov.jm/epps/cft/prepareViewCfTWS.do?resourceId=9001125,won: Supply and Delivery of Chairs for KSA Health Department; value: 489210.00 Currency: JMD; date: 17/04/2026 15:56:22; agency: Kingston and St. Andrew Health Services
Appliance Traders Ltd,Jamaica,GOJEP Awards,,,,,"G0150-Electrical Equipment, Parts and Supplies",,,,,supply;energy,https://www.gojep.gov.jm/epps/cft/prepareViewCfTWS.do?resourceId=9295033,won: Supply and Delivery of Photocopiers under the RADA Hurricane Melissa Rapid Response Recovery Resilience Programme: RADA/GOODS/36/2025; value: 4166169.91 Currency: JMD; date: 17/04/2026 14:36:21; agency: Rural Agricultural Development Authority
Charlton Hylton,Jamaica,GOJEP Awards,,,,,S0030-Appraisal and Valuation Services,,,,,supply,https://www.gojep.gov.jm/epps/cft/prepareViewCfTWS.do?resourceId=9123126,won: The Procurement The Procurement of Auditing Services to Observe Annual Stock Count 2026 WH/WRO-25/26-0084; value: 1600200.00 Currency: JMD; date: 17/04/2026 14:28:02; agency: Western Regional Health Authority
Ajani Stewart,Jamaica,GOJEP Awards,,,,,S0130-Consulting Services - General,,,,,consulting;supply,https://www.gojep.gov.jm/epps/cft/prepareViewCfTWS.do?resourceId=9238020,"won: Procurement of Independent Contractor - HRA Support Consultant; value: 2550000.00 Currency: JMD; date: 17/04/2026 13:51:22; agency: Betting, Gaming and Lotteries Commission"
Harrington Costley T/A Costley's Construction,Jamaica,GOJEP Awards,,,,,W0030-Building Construction,,,,,construction,https://www.gojep.gov.jm/epps/cft/prepareViewCfTWS.do?resourceId=7978649,"won: Proposed repairs to damaged classroom buildings at Chalky Hill Primary School; value: 27794032.00 Currency: JMD; date: 17/04/2026 13:49:22; agency: Ministry of Education, Youth and Information"
Cambridge Trading Limited,Jamaica,GOJEP Awards,,,,,W0030-Building Construction,,,,,construction,https://www.gojep.gov.jm/epps/cft/prepareViewCfTWS.do?resourceId=8501265,"won: Retender for Proposed Waterproofing of Concrete Roof Slab   at   Ewarton  High School -St. Catherine; value: 18935000.00 Currency: JMD; date: 17/04/2026 13:46:37; agency: Ministry of Education, Youth and Information"
QUEST SECURITY SERVICES LIMITED,Jamaica,GOJEP Awards,,,,,"G0310-Intrusion Detection Equipment, Parts and Supplies",,,,,supply,https://www.gojep.gov.jm/epps/cft/prepareViewCfTWS.do?resourceId=8497781,"won: Upload for the Procurement for Supply and Installation of CCTV Cameras at Grange Hill Primary School; value: 1407833.24 Currency: JMD; date: 17/04/2026 13:41:49; agency: Ministry of Education, Youth and Information"
Cision Canada,Jamaica,GOJEP Awards,,,,,"S0010-Advertising, Public Relations and Marketing Services",,,,,,https://www.gojep.gov.jm/epps/cft/prepareViewCfTWS.do?resourceId=6684811,won: TIU/2025/COMMS/RFQ-005 - Provision of Media Monitoring Services; value: 14983.00 Currency: JMD; date: 17/04/2026 02:32:53; agency: Transformation Implementation Unit
SCIENTIFIC AND MEDICAL SUPPLIES LTD,Jamaica,GOJEP Awards,,,,,"G0350-Medical, Equipment and Supplies",,,,,supply;healthcare,https://www.gojep.gov.jm/epps/cft/prepareViewCfTWS.do?resourceId=8755179,won: Supply and Delivery of Trust Kits and Controls; value: 2793090.88 Currency: JMD; date: 16/04/2026 23:15:56; agency: Kingston and St. Andrew Health Services
IRVIN HENRY T/A HENRY'S CENTRAL EQUIPMENT SERVICES,Jamaica,GOJEP Awards,,,,,W0050-Civil Engineering,,,,,construction,https://www.gojep.gov.jm/epps/cft/prepareViewCfTWS.do?resourceId=9287061,won: Emergency Works - Hurricane Melissa Reopening of Roads; value: 3496400.00 Currency: JMD; date: 16/04/2026 18:51:20; agency: National Works Agency
Automatic Control Engineering Ltd.,Jamaica,GOJEP Awards,,,,,"G0030-Analytical Laboratory Equipment, Parts and Supplies",,,,,supply,https://www.gojep.gov.jm/epps/cft/prepareViewCfTWS.do?resourceId=5345821,won: RETENDER CP0976/24 for Supply and delivery HACH DPD chlorine reagent; value: 1072610.75 Currency: JMD; date: 16/04/2026 18:34:27; agency: National Water Commission
SynCon Technologies Limited,Jamaica,GOJEP Awards,,,,,"G0130-Computers, Computer Equipment, Parts and Supplies",,,,,it;supply,https://www.gojep.gov.jm/epps/cft/prepareViewCfTWS.do?resourceId=5746882,won: CP0916/24 SUPPLY AND DELIVER CISCO SWITCHES; value: 2/ 2; date: 16/04/2026 16:26:04; agency: National Water Commission
Tech-Pro Business Solutions Limited,Jamaica,GOJEP Awards,,,,,"G0410-Office Equipment Supplies, Parts and Supplies",,,,,supply,https://www.gojep.gov.jm/epps/cft/prepareViewCfTWS.do?resourceId=9095746,won: Procurement of Office and Stationery Supplies (Inks and Toners); value: 2/ 2; date: 16/04/2026 15:00:41; agency: St. Catherine Health Services
Stationery and Office Supplies Ltd,Jamaica,GOJEP Awards,,,,,"G0200-Furniture manufacture, repairs and supplies",,,,,supply,https://www.gojep.gov.jm/epps/cft/prepareViewCfTWS.do?resourceId=8150511,won: Retender for the Supply and Delivery of Office Furniture’s; value: 35475202.07 Currency: JMD; date: 16/04/2026 14:45:32; agency: Caribbean Maritime University
Bell Safety Ltd,Jamaica,GOJEP Awards,,,,,G0330-Manufacture and Supply of Textile and Garment Products,,,,,supply,https://www.gojep.gov.jm/epps/cft/prepareViewCfTWS.do?resourceId=8783468,won: Procurement of Fire Suit for Caribbean Maritime University; value: 3082000.00 Currency: JMD; date: 16/04/2026 14:40:04; agency: Caribbean Maritime University
IBS TECHNOLOGY LIMITED,Jamaica,GOJEP Awards,,,,,S0320-Information Technology Services,,,,,it;supply,https://www.gojep.gov.jm/epps/cft/prepareViewCfTWS.do?resourceId=8818952,won: Procurement of Adobe Subscription for Caribbean Maritime University; value: 939948.12 Currency: JMD; date: 16/04/2026 14:38:50; agency: Caribbean Maritime University
Ernst and Young Services Limited,Jamaica,GOJEP Awards,,,,,S0130-Consulting Services - General,,,,,consulting,https://www.gojep.gov.jm/epps/cft/prepareViewCfTWS.do?resourceId=7252958,won: Inventory of Services - Phase 2 (TIU/2025/IOS/SSS-001); value: 2/ 2; date: 16/04/2026 00:35:12; agency: Transformation Implementation Unit
Blinds Designs Limited,Jamaica,GOJEP Awards,,,,,"G0110-Carpets, Blinds, Drapery, Soft Furnishings and related items",,,,,supply,https://www.gojep.gov.jm/epps/cft/prepareViewCfTWS.do?resourceId=1077557,won: TIU/2020/PEU/FQ-003- Supply and Installation of Blinds; value: 2126796.13 Currency: JMD; date: 16/04/2026 00:31:17; agency: Transformation Implementation Unit
Lascelles Guy,Jamaica,GOJEP Awards,,,,,W0040-Building Maintenance,,,,,supply,https://www.gojep.gov.jm/epps/cft/prepareViewCfTWS.do?resourceId=9278098,won: Emergency Procurement for Repairs to Windows and Doors at Western TVET Institute - Culloden (697108); value: 2800500.00 Currency: JMD; date: 15/04/2026 23:59:14; agency: HEART NSTA/Trust
SYNERGY ENGINEERING LIMITED,Jamaica,GOJEP Awards,,,,,W0070-Electrical Works,,,,,energy,https://www.gojep.gov.jm/epps/cft/prepareViewCfTWS.do?resourceId=9277821,won: Emergency Electrical and Ventilation Repairs at HEART COLLEGE OF HOSPITALITY SERVICES (696582); value: 1122996.14 Currency: JMD; date: 15/04/2026 23:29:51; agency: HEART NSTA/Trust
STERLING CARTER TECHNOLOGY DISTRIBUTORS LIMITED,Jamaica,GOJEP Awards,,,,,G0540-Stationery Supplies,,,,,supply,https://www.gojep.gov.jm/epps/cft/prepareViewCfTWS.do?resourceId=8755687,won: Supply and Delivery of Inks; value: 549758.90 Currency: JMD; date: 15/04/2026 23:27:19; agency: Kingston and St. Andrew Health Services
Dwayne R Parchment,Jamaica,GOJEP Awards,,,,,W0270-Roofing,,,,,supply,https://www.gojep.gov.jm/epps/cft/prepareViewCfTWS.do?resourceId=9277587,won: Emergency Procurement for Roof Repairs at Western TVET Institute - Petersfield (696254); value: 5384693.00 Currency: JMD; date: 15/04/2026 23:19:57; agency: HEART NSTA/Trust
Dental and Medical Supplies Limited,Jamaica,GOJEP Awards,,,,,"G0350-Medical, Equipment and Supplies",,,,,supply;healthcare,https://www.gojep.gov.jm/epps/cft/prepareViewCfTWS.do?resourceId=9117424,won: Procurement of Dental Equipment; value: 223100.00 Currency: JMD; date: 15/04/2026 23:14:11; agency: St. Catherine Health Services
NEW ERA FENCING LIMITED,Jamaica,GOJEP Awards,,,,,W0090-Fencing,,,,,supply,https://www.gojep.gov.jm/epps/cft/prepareViewCfTWS.do?resourceId=9277365,won: Emergency Procurement for Fencing Repairs at North West TVET Institute - Kenilworth (696021); value: 5945500.00 Currency: JMD; date: 15/04/2026 23:00:58; agency: HEART NSTA/Trust
Alternative Power Sources (Jamaica) Limited,Jamaica,GOJEP Awards,,,,,W0070-Electrical Works,,,,,supply;energy,https://www.gojep.gov.jm/epps/cft/prepareViewCfTWS.do?resourceId=9277027,won: Emergency Procurement of Solar Photovoltaic System at South West TVET Institute - Black River; value: 6641659.58 Currency: JMD; date: 15/04/2026 22:32:39; agency: HEART NSTA/Trust
ALFRASURE STRUCTURES AND ROOFING LIMITED,Jamaica,GOJEP Awards,,,,,W0270-Roofing,,,,,,https://www.gojep.gov.jm/epps/cft/prepareViewCfTWS.do?resourceId=9276106,won: Emergency Roof Repairs for Northern TVET Institute - Falmouth (695638); value: 2/ 2; date: 15/04/2026 21:36:40; agency: HEART NSTA/Trust
Geddes Refrigeration Limited,Jamaica,GOJEP Awards,,,,,"W0110-Heating, Ventilation, Air-Conditioning and Refrigeration",,,,,supply,https://www.gojep.gov.jm/epps/cft/prepareViewCfTWS.do?resourceId=8182263,"won: Supply and Installation of Air Conditioning Systems at JFIZ Building, Ground Floor (Phase II) - Retendered; value: 7863887.66 Currency: JMD; date: 15/04/2026 20:31:46; agency: JCA Project and Initiatives Implementation"
CLEAN-SAN SERVICES LIMITED,Jamaica,GOJEP Awards,,,,,"S0340-Janitorial, Sanitation Services",,,,,supply;cleaning,https://www.gojep.gov.jm/epps/cft/prepareViewCfTWS.do?resourceId=8777238,won: Supply and Servicing of Sanitary Bins and Air Freshener; value: 2651900.00 Currency: JMD; date: 15/04/2026 20:13:21; agency: Development Bank of Jamaica
DIF CONSTRUCTION MANAGEMENT LIMITED,Jamaica,GOJEP Awards,,,,,W0030-Building Construction,,,,,construction;supply,https://www.gojep.gov.jm/epps/cft/prepareViewCfTWS.do?resourceId=8742529,"won: The Supply, Retrofitting and Installation of Three (3) Reefer Containers at the Kingston Export Complex, Norman Manley International Airport,; value: 2/ 2; date: 15/04/2026 19:59:13; agency: Ministry of Agriculture Fisheries and Mining"
Massy Distribution Trinidad,Jamaica,GOJEP Awards,,,,,"G0350-Medical, Equipment and Supplies",,,,,supply;healthcare,https://www.gojep.gov.jm/epps/cft/prepareViewCfTWS.do?resourceId=9263023,won: Procurement for the Supply and Delivery of Unigold HIV Test Kits; value: 196500.00 Currency: USD; date: 15/04/2026 16:22:17; agency: Ministry of Health and Wellness
HIGHWAY HARDWARE AND PLUMBING LIMITED,Jamaica,GOJEP Awards,,,,,G0230-Hardware and Haberdashery,,,,,,https://www.gojep.gov.jm/epps/cft/prepareViewCfTWS.do?resourceId=8747101,"won: Plumbing Supplies, February 2026; value: 5280439.18 Currency: JMD; date: 15/04/2026 16:19:09; agency: Post and Telecommunications Department"
Sinance Transport Limited,Jamaica,GOJEP Awards,,,,,S0650-Transportation and Haulage - Mail Transportation,,,,,,https://www.gojep.gov.jm/epps/cft/prepareViewCfTWS.do?resourceId=8538931,"won: Mail Transportation Services, MR1; value: 41644260.00 Currency: JMD; date: 15/04/2026 16:17:38; agency: Post and Telecommunications Department"
Mona Graphic Printers Company Limited,Jamaica,GOJEP Awards,,,,,S0370-Lithographic and Printing Services,,,,,supply,https://www.gojep.gov.jm/epps/cft/prepareViewCfTWS.do?resourceId=9109067,"won: Procurement of Printing Supplies (Passport Application Forms), Ref no. PICA-PAF-RB-03-2026; value: 2/ 2; date: 15/04/2026 16:04:48; agency: Passport Immigration and Citizenship Agency"
DKAM Engineering Solutions Limited,Jamaica,GOJEP Awards,,,,,S0250-Equipment Maintenance: Other,,,,,supply;healthcare,https://www.gojep.gov.jm/epps/cft/prepareViewCfTWS.do?resourceId=9011207,won: To Service Western Regional Health Authority Regional Office       Generator in Fairview Montego Bay.; value: 2/ 2; date: 15/04/2026 15:27:17; agency: Western Regional Health Authority
Maurice Smith T/A Rico Suave Haulage,Jamaica,GOJEP Awards,,,,,S0650-Transportation and Haulage - Mail Transportation,,,,,,https://www.gojep.gov.jm/epps/cft/prepareViewCfTWS.do?resourceId=8537172,won: Mail Transportation Services Route CR25; value: 21361158.00 Currency: JMD; date: 15/04/2026 15:19:42; agency: Post and Telecommunications Department
LOCK SAFE AND VAULT LIMITED,Jamaica,GOJEP Awards,,,,,G0230-Hardware and Haberdashery,,,,,,https://www.gojep.gov.jm/epps/cft/prepareViewCfTWS.do?resourceId=8924990,won: Cam Locks; value: 2/ 2; date: 15/04/2026 14:33:27; agency: Post and Telecommunications Department
Cablepro Data Services Limited,Jamaica,GOJEP Awards,,,,,S0120-Computers and Related Services,,,,,it;supply,https://www.gojep.gov.jm/epps/cft/prepareViewCfTWS.do?resourceId=8849989,won: Business Continuity: Emergency ICT Procurement Due to Hurricane Melissa Damages; PQ/PI Branch at Montego Bay- Network Infrastructural Upgrade; value: 1649027.04 Currency: JMD; date: 15/04/2026 14:22:29; agency: Ministry of Agriculture Fisheries and Mining
Motorola Solutions Inc,Jamaica,GOJEP Awards,,,,,"G0130-Computers, Computer Equipment, Parts and Supplies",,,,,it;supply,https://www.gojep.gov.jm/epps/cft/prepareViewCfTWS.do?resourceId=5946475,won: Procurement of Maintenance Services for the Jamaica Constabulary Force’s (JCF’s) Mobile Radio Network and the PremierOne Computer-Aided Dispatch / Automatic Vehicle Location (CAD/AVL) System; value: 4401594.94 Currency: JMD; date: 15/04/2026 14:01:54; agency: Ministry of National Security
Danem Engineers Limited,Jamaica,GOJEP Awards,,,,,"G0150-Electrical Equipment, Parts and Supplies",,,,,supply;energy,https://www.gojep.gov.jm/epps/cft/prepareViewCfTWS.do?resourceId=396406,won: TIU/2019/SCS/RFB-001- SUPPLY DELIVERY AND INSTALLATION OF A DIESEL STANDBY GENERATOR PLANT; value: 2/ 2; date: 15/04/2026 02:49:41; agency: Transformation Implementation Unit
Digita Global Marketing Ltd.,Jamaica,GOJEP Awards,,,,,S0300-General Services,,,,,,https://www.gojep.gov.jm/epps/cft/prepareViewCfTWS.do?resourceId=1729296,won: TIU/2021/COMMS/RFQ-004 Video Production Services for the Public Sector Transformation Programme; value: 6501295.00 Currency: JMD; date: 15/04/2026 01:50:02; agency: Transformation Implementation Unit
ROMARSH CONTRUCTION LIMITED,Jamaica,GOJEP Awards,,,,,W0150-Interior Construction Works,,,,,construction;security,https://www.gojep.gov.jm/epps/cft/prepareViewCfTWS.do?resourceId=8502462,"won: The Renovation of Non-Intrusive Security Management Branch Office at the Free Zone Building, Montego Bay.; value: 9813350.00 Currency: JMD; date: 14/04/2026 20:13:42; agency: JCA Project and Initiatives Implementation"
Accupower Jamaica Limited,Jamaica,GOJEP Awards,,,,,"G0130-Computers, Computer Equipment, Parts and Supplies",,,,,it;supply,https://www.gojep.gov.jm/epps/cft/prepareViewCfTWS.do?resourceId=8624593,won: Supply and Delivery of Network Accessories; value: 166262.24 Currency: JMD; date: 14/04/2026 19:37:03; agency: Jamaica Customs Agency
National Safety Limited,Jamaica,GOJEP Awards,,,,,G0500-Safety Products,,,,,supply,https://www.gojep.gov.jm/epps/cft/prepareViewCfTWS.do?resourceId=8661951,won: Supply and Delivery of Safety Vest for General Stores; value: 3180617.10 Currency: JMD; date: 14/04/2026 15:03:19; agency: JCA Project and Initiatives Implementation
MEDCO MEDICAL SUPPLIES LTD,Jamaica,GOJEP Awards,,,,,"G0350-Medical, Equipment and Supplies",,,,,supply;healthcare,https://www.gojep.gov.jm/epps/cft/prepareViewCfTWS.do?resourceId=8884109,won: Procurement of Medical Sundries for the May Pen Hospital within Southern Regional Hospital ref #: MPH-028-MS; value: 366591.25 Currency: JMD; date: 14/04/2026 14:39:00; agency: Southern Regional Health Authority
Stewart's Auto Sales Limited,Jamaica,GOJEP Awards,,,,,G0370-Motor Vehicle and Spares - New Car,,,,,construction;supply,https://www.gojep.gov.jm/epps/cft/prepareViewCfTWS.do?resourceId=8991887,"won: The Supply, Registration and Delivery of One (1) 2025 Off Road Motor Vehicle (1.5 Liter Petrol Engine); value: 6760420.00 Currency: JMD; date: 14/04/2026 14:17:38; agency: Ministry of Agriculture Fisheries and Mining"
Camera Techsource Studio and Accessories Ltd,Jamaica,GOJEP Awards,,,,,G0050-Audio Visual Goods,,,,,supply,https://www.gojep.gov.jm/epps/cft/prepareViewCfTWS.do?resourceId=8712064,won: The Supply and Delivery of Streaming Equipment for the Ministry's Information and Communication Technology Branch; value: 2957560.00 Currency: JMD; date: 14/04/2026 14:09:25; agency: Ministry of Agriculture Fisheries and Mining
Modern Power and Cooling Technology Limited,Jamaica,GOJEP Awards,,,,,S0320-Information Technology Services,,,,,it;supply,https://www.gojep.gov.jm/epps/cft/prepareViewCfTWS.do?resourceId=8733609,"won: Business Continuity: Emergency ICT Procurement Due to Hurricane Melissa Damages; Admin Building- Montpelier, ALMD and VSD Catherine Hall-  Data Network Infrastructural Project; value: 4529578.97 Currency: JMD; date: 14/04/2026 14:06:23; agency: Ministry of Agriculture Fisheries and Mining"
Prime Fencing and Roofing Systems Limited,Jamaica,GOJEP Awards,,,,,W0030-Building Construction,,,,,construction;security,https://www.gojep.gov.jm/epps/cft/prepareViewCfTWS.do?resourceId=8638917,"won: Proposed Waterproofing of Concrete Roof Slab, Construction of Security Fence at Region Six Old Harbour Regional Office - St. Catherine; value: 18689390.00 Currency: JMD; date: 14/04/2026 00:43:23; agency: Ministry of Education, Youth and Information"
Dalton Levy,Jamaica,GOJEP Awards,,,,,W0040-Building Maintenance,,,,,supply,https://www.gojep.gov.jm/epps/cft/prepareViewCfTWS.do?resourceId=8977305,"won: Procurement for the Removal of Defective and Installation of New Ceiling at St. Theresa Primary and Infant School, St. Andrew; value: 1467300.00 Currency: JMD; date: 13/04/2026 21:35:41; agency: Ministry of Education, Youth and Information"
Lottis Projects Limited,Jamaica,GOJEP Awards,,,,,W0040-Building Maintenance,,,,,,https://www.gojep.gov.jm/epps/cft/prepareViewCfTWS.do?resourceId=8726053,won: Repainting of Trellis and Metal Staircase at the Portmore Informatics Park Facility; value: 4012819.30 Currency: JMD; date: 13/04/2026 21:12:58; agency: Port Authority of Jamaica
Toyota Jamaica Limited,Jamaica,GOJEP Awards,,,,,G0370-Motor Vehicle and Spares - New Car,,,,,supply,https://www.gojep.gov.jm/epps/cft/prepareViewCfTWS.do?resourceId=8729383,"won: The Supply, Registration and Delivery of Five (5) Motor Vehicles and One (1) Passenger Vehicle; value: 2/ 2; date: 13/04/2026 21:07:49; agency: Ministry of Agriculture Fisheries and Mining"
LLEWELYN ALLEN AND ASSOCIATES,Jamaica,GOJEP Awards,,,,,S0030-Appraisal and Valuation Services,,,,,,https://www.gojep.gov.jm/epps/cft/prepareViewCfTWS.do?resourceId=8914102,won: Surveyor’s Identification Report Services; value: 3554880.00 Currency: JMD; date: 13/04/2026 19:46:58; agency: Development Bank of Jamaica
J NIEL CONSTRUCTION LTD,Jamaica,GOJEP Awards,,,,,W0030-Building Construction,,,,,construction,https://www.gojep.gov.jm/epps/cft/prepareViewCfTWS.do?resourceId=9252840,"won: Emergency Hurricane Melissa Repairs at Redwood Primary School; value: 12466601.00 Currency: JMD; date: 13/04/2026 19:23:59; agency: Ministry of Education, Youth and Information"
Art Waterproofing Limited,Jamaica,GOJEP Awards,,,,,W0030-Building Construction,,,,,construction,https://www.gojep.gov.jm/epps/cft/prepareViewCfTWS.do?resourceId=9249918,"won: Emergency Contrcat for Hurricane Melissa Repairs  for Roof Rehabilitation Repairs at Highgate Primary School -St Mary; value: 23202900.00 Currency: JMD; date: 13/04/2026 16:37:28; agency: Ministry of Education, Youth and Information"
C and D Construction and Engineering Limited,Jamaica,GOJEP Awards,,,,,W0030-Building Construction,,,,,construction;supply;security,https://www.gojep.gov.jm/epps/cft/prepareViewCfTWS.do?resourceId=7871524,"won: Procurement for Proposed Construction of Boundary and Security Fence at Adelphi Primary School – St. James; value: 73448755.00 Currency: JMD; date: 13/04/2026 16:17:25; agency: Ministry of Education, Youth and Information"
RJ'S IMPORTERS AND DISTRIBUTORS LIMITED,Jamaica,GOJEP Awards,,,,,"G0200-Furniture manufacture, repairs and supplies",,,,,supply,https://www.gojep.gov.jm/epps/cft/prepareViewCfTWS.do?resourceId=5128398,won: Procurement for the Supply and Delivery of four (4) Filing Cabinets; value: 2/ 2; date: 13/04/2026 16:12:09; agency: Ministry of National Security
KS VERDANT ENTERPRISES LIMITED,Jamaica,GOJEP Awards,,,,,S0120-Computers and Related Services,,,,,supply,https://www.gojep.gov.jm/epps/cft/prepareViewCfTWS.do?resourceId=8902882,won: The Procurement of Licenses for Annual Subscription to Adobe Acrobat Pro - 25/26-ICT-00046; value: 168912.00 Currency: JMD; date: 13/04/2026 14:22:32; agency: Western Regional Health Authority
Karl Alphanso Robinson T/A K and R and Associates,Jamaica,GOJEP Awards,,,,,W0030-Building Construction,,,,,construction;supply,https://www.gojep.gov.jm/epps/cft/prepareViewCfTWS.do?resourceId=9247525,"won: Procurement for  Emergency Re-roofing to Main Single Storey Classroom Block at Retirement Primary -St. Elizabeth; value: 26514000.00 Currency: JMD; date: 13/04/2026 14:01:46; agency: Ministry of Education, Youth and Information"
Velka Contractors Limited,Jamaica,GOJEP Awards,,,,,W0030-Building Construction,,,,,construction,https://www.gojep.gov.jm/epps/cft/prepareViewCfTWS.do?resourceId=9247198,"won: Emergency Reroofing and Repairs to Main and Administrative Single Storey Block at Mizpah primary School-Manchester; value: 22975995.00 Currency: JMD; date: 13/04/2026 13:36:54; agency: Ministry of Education, Youth and Information"
DIGICEL JAMAICA LIMITED,Jamaica,GOJEP Awards,,,,,S0120-Computers and Related Services,,,,,supply,https://www.gojep.gov.jm/epps/cft/prepareViewCfTWS.do?resourceId=7557124,won: Procurement for Data Centre Co-Location Services (Warm Disaster Recovery Site) - Retender; value: 14166997.20 Currency: JMD; date: 13/04/2026 13:05:02; agency: Ministry of National Security
IAFIS de Panama,Jamaica,GOJEP Awards,,,,,S0260-Equipment Maintenance: Repair and Maintenance of Computer and Electronic Equipment,,,,,it;supply,https://www.gojep.gov.jm/epps/cft/prepareViewCfTWS.do?resourceId=7845098,won: Procurement for a Four (4) Year Maintenance Services for the Multi-Biometric; value: 3846149.00 Currency: JMD; date: 13/04/2026 12:33:27; agency: Ministry of National Security
GYCON (SOLUTION) LIMITED,Jamaica,GOJEP Awards,,,,,W0040-Building Maintenance,,,,,,https://www.gojep.gov.jm/epps/cft/prepareViewCfTWS.do?resourceId=6009675,won: Erection of Perimeter Fence at Browns Hall Police Station; value: 2/ 2; date: 13/04/2026 12:30:23; agency: Ministry of National Security
Denron Engineering Services Limited,Jamaica,GOJEP Awards,,,,,W0030-Building Construction,,,,,construction;supply,https://www.gojep.gov.jm/epps/cft/prepareViewCfTWS.do?resourceId=9245957,"won: Procurement for Emergency contract for the  Re Roofing to the Annex and Administrative Block and Repairs to the Fourth Form and New Staff Classroom Block at Bishop Gibson High School Manchester; value: 48260618.00 Currency: JMD; date: 11/04/2026 20:55:47; agency: Ministry of Education, Youth and Information"
KMP Maintenance Services Limited,Jamaica,GOJEP Awards,,,,,S0300-General Services,,,,,healthcare,https://www.gojep.gov.jm/epps/cft/prepareViewCfTWS.do?resourceId=7514951,won: Provision of Material and Labour to Service Central Medical Vacuum and Medical Air Compressor 25/26-JE-031; value: 1499172.20 Currency: JMD; date: 11/04/2026 18:04:16; agency: Western Regional Health Authority
Ameren Global Trading Limited,Jamaica,GOJEP Awards,,,,,"G0180-Electronic Equipment, Parts and Supplies",,,,,supply;healthcare,https://www.gojep.gov.jm/epps/cft/prepareViewCfTWS.do?resourceId=8867355,won: Supply and Delivery of Public Health Inspector Tools; value: 3552729.50 Currency: JMD; date: 11/04/2026 16:41:00; agency: Kingston and St. Andrew Health Services
Barico Foods Company Limited,Jamaica,GOJEP Awards,,,,,W0030-Building Construction,,,,,construction,https://www.gojep.gov.jm/epps/cft/prepareViewCfTWS.do?resourceId=8756578,"won: Retrofitting of Containerized Kennel at Montego Bay, Sewell Avenue; value: 4896720.00 Currency: JMD; date: 10/04/2026 19:28:42; agency: JCA Project and Initiatives Implementation"
Productive Business Solutions Ltd.,Jamaica,GOJEP Awards,,,,,"G0130-Computers, Computer Equipment, Parts and Supplies",,,,,it;supply,https://www.gojep.gov.jm/epps/cft/prepareViewCfTWS.do?resourceId=8603179,won: The Procurement of Goods for the Supply and Installation of One Hundred and Six (106) Cisco Meraki Enterprise Access Point License for a Three-Year Period (2026–2029).; value: 3257984.73 Currency: JMD; date: 10/04/2026 19:28:14; agency: JCA Project and Initiatives Implementation
Delta Supply Company Ltd,Jamaica,GOJEP Awards,,,,,"G0300-Industrial, Construction Equipment, Machinery, Parts and Supplies",,,,,construction;supply,https://www.gojep.gov.jm/epps/cft/prepareViewCfTWS.do?resourceId=9240095,won: Supply and Delivery of Small Tools Equipments under the RADA Hurricane Melissa Rapid Response Recovery Resilience Programme: RADA/GOODS/34/2025; value: 22707920.26 Currency: JMD; date: 10/04/2026 19:05:48; agency: Rural Agricultural Development Authority
Jamaica Broilers Group Limited,Jamaica,GOJEP Awards,,,,,"G0020-Agricultural Tools, Equipment Parts and Supplies",,,,,supply,https://www.gojep.gov.jm/epps/cft/prepareViewCfTWS.do?resourceId=9239553,won: Supply and Delivery of Livestock Kits under the RADA Hurricane Melissa Rapid Response Resilience Programme: RADA/GOODS/41/2025; value: 5583316.75 Currency: JMD; date: 10/04/2026 18:21:21; agency: Rural Agricultural Development Authority
Derron Grant t/as Synergy Business Solution,Jamaica,GOJEP Awards,,,,,"G0020-Agricultural Tools, Equipment Parts and Supplies",,,,,supply,https://www.gojep.gov.jm/epps/cft/prepareViewCfTWS.do?resourceId=9239208,won: Supply and Delivery of Hot Pepper Seedlings under the RADA Hurricane Melissa Rapid Response Recovery Resilience Programme: RADA/GOODS/42/2025; value: 20187735.00 Currency: JMD; date: 10/04/2026 18:03:54; agency: Rural Agricultural Development Authority
ARCHISTRUCT LIMITED,Jamaica,GOJEP Awards,,,,,W0030-Building Construction,,,,,construction;supply,https://www.gojep.gov.jm/epps/cft/prepareViewCfTWS.do?resourceId=8026408,won: Procurement of Works: Refurbishing Works to St. Anns Bay Police Station Under Emergency Circumstances; value: 228657942.81 Currency: JMD; date: 10/04/2026 16:25:47; agency: Ministry of National Security
KLESING INDUSTRIAL SUPPLIES LIMITED,Jamaica,GOJEP Awards,,,,,"G0300-Industrial, Construction Equipment, Machinery, Parts and Supplies",,,,,construction;supply,https://www.gojep.gov.jm/epps/cft/prepareViewCfTWS.do?resourceId=8201221,"won: LT-72/2025. Supply of 6"" and 10"" Electromagnetic Flowmeters; value: 1467903.34 Currency: JMD; date: 10/04/2026 15:44:54; agency: National Water Commission"
Pryce Construction Limited,Jamaica,GOJEP Awards,,,,,W0100-General Road Works,,,,,construction,https://www.gojep.gov.jm/epps/cft/prepareViewCfTWS.do?resourceId=9235131,"won: Rehabilitation of Flood Damaged Farm Roads in St. Elizabeth [Culvert Lane Road, Thornton Road and Middlesex Road]: RADA/FRRP/WORKS/65/2025; value: 80043755.00 Currency: JMD; date: 10/04/2026 14:50:16; agency: Rural Agricultural Development Authority"
E and A Jones and Associates Ltd,Jamaica,GOJEP Awards,,,,,W0100-General Road Works,,,,,construction,https://www.gojep.gov.jm/epps/cft/prepareViewCfTWS.do?resourceId=9234325,won: Rehabilitation of Flood Damaged Farm Road in Hanover [Georgia Road]: RADA/FRRP/WORKS/58/2025; value: 13727160.00 Currency: JMD; date: 10/04/2026 14:15:18; agency: Rural Agricultural Development Authority
Rogers Land Development Ltd,Jamaica,GOJEP Awards,,,,,W0030-Building Construction,,,,,construction;supply,https://www.gojep.gov.jm/epps/cft/prepareViewCfTWS.do?resourceId=8403467,"won: Procurement of Works under Emergency Circumstances Renovation Works at the Mount Salem Police Station, St. James; value: 160278443.00 Currency: JMD; date: 09/04/2026 19:47:11; agency: Ministry of National Security"
WASTE MATTERS LIMITED,Jamaica,GOJEP Awards,,,,,S0630-Transportation and Haulage - Garbage Collection and Disposal,,,,,,https://www.gojep.gov.jm/epps/cft/prepareViewCfTWS.do?resourceId=9228518,won: EMERGENCY SUPPLEMENTARY SERVICES; value: 5474000.00 Currency: JMD; date: 09/04/2026 17:59:35; agency: MPM Waste Management
Trucking and Compactor Limited,Jamaica,GOJEP Awards,,,,,S0630-Transportation and Haulage - Garbage Collection and Disposal,,,,,,https://www.gojep.gov.jm/epps/cft/prepareViewCfTWS.do?resourceId=9228286,won: EMERGENCY SUPPLEMENTARY SERVICES; value: 3257160.00 Currency: JMD; date: 09/04/2026 17:51:20; agency: MPM Waste Management
Howard Robinson T/A Simplicity Truckings,Jamaica,GOJEP Awards,,,,,S0630-Transportation and Haulage - Garbage Collection and Disposal,,,,,,https://www.gojep.gov.jm/epps/cft/prepareViewCfTWS.do?resourceId=9227942,won: EMERGENCY SUPPLEMENTARY SERVICES; value: 10968240.00 Currency: JMD; date: 09/04/2026 17:33:11; agency: MPM Waste Management
Sheldon's Disposal and Maintenance Limited,Jamaica,GOJEP Awards,,,,,S0630-Transportation and Haulage - Garbage Collection and Disposal,,,,,,https://www.gojep.gov.jm/epps/cft/prepareViewCfTWS.do?resourceId=9227834,won: EMERGENCY SUPPLEMENTARY SERVICES; value: 3377550.00 Currency: JMD; date: 09/04/2026 17:28:04; agency: MPM Waste Management
Samz Disposals Limited,Jamaica,GOJEP Awards,,,,,S0630-Transportation and Haulage - Garbage Collection and Disposal,,,,,,https://www.gojep.gov.jm/epps/cft/prepareViewCfTWS.do?resourceId=9227677,won: EMERGENCY SUPPLEMENTARY SERVICES; value: 9607100.00 Currency: JMD; date: 09/04/2026 17:20:51; agency: MPM Waste Management
Sahran Heslop T/A Samal’s FCT,Jamaica,GOJEP Awards,,,,,S0630-Transportation and Haulage - Garbage Collection and Disposal,,,,,,https://www.gojep.gov.jm/epps/cft/prepareViewCfTWS.do?resourceId=9227589,won: EMERGENCY SUPPLEMENTARY SERVICES; value: 3462400.00 Currency: JMD; date: 09/04/2026 17:15:23; agency: MPM Waste Management
Phil- Rowe Recycling Company Limited,Jamaica,GOJEP Awards,,,,,S0630-Transportation and Haulage - Garbage Collection and Disposal,,,,,,https://www.gojep.gov.jm/epps/cft/prepareViewCfTWS.do?resourceId=9227186,won: EMERGENCY SUPPLEMENTARY SERVICES; value: 11373500.00 Currency: JMD; date: 09/04/2026 17:01:29; agency: MPM Waste Management
MARTIN PARKES T/AS PARKES TRUCKING,Jamaica,GOJEP Awards,,,,,S0630-Transportation and Haulage - Garbage Collection and Disposal,,,,,,https://www.gojep.gov.jm/epps/cft/prepareViewCfTWS.do?resourceId=9227028,won: EMERGENCY SUPPLEMENTARY SERVICES; value: 7747000.00 Currency: JMD; date: 09/04/2026 16:56:37; agency: MPM Waste Management
MARVIN TAYLOR T/AS MAVRICK HAULAGE WASTE AND AGGREGATE,Jamaica,GOJEP Awards,,,,,S0630-Transportation and Haulage - Garbage Collection and Disposal,,,,,,https://www.gojep.gov.jm/epps/cft/prepareViewCfTWS.do?resourceId=9226572,won: EMERGENCY SUPPLEMENTARY SERVICES; value: 8207090.00 Currency: JMD; date: 09/04/2026 16:52:36; agency: MPM Waste Management
Carlos Kamalo Malcolm T/as Massarak Haulage and Trucking,Jamaica,GOJEP Awards,,,,,S0630-Transportation and Haulage - Garbage Collection and Disposal,,,,,,https://www.gojep.gov.jm/epps/cft/prepareViewCfTWS.do?resourceId=9226414,won: EMERGENCY SUPPLEMENTARY SERVICES; value: 11424400.00 Currency: JMD; date: 09/04/2026 16:42:51; agency: MPM Waste Management
M and F Trucking Limited,Jamaica,GOJEP Awards,,,,,S0630-Transportation and Haulage - Garbage Collection and Disposal,,,,,,https://www.gojep.gov.jm/epps/cft/prepareViewCfTWS.do?resourceId=9226027,won: EMERGENCY SUPPLEMENTARY SERVICES; value: 6204710.00 Currency: JMD; date: 09/04/2026 16:30:18; agency: MPM Waste Management
Lexiff haulage company limited,Jamaica,GOJEP Awards,,,,,S0630-Transportation and Haulage - Garbage Collection and Disposal,,,,,,https://www.gojep.gov.jm/epps/cft/prepareViewCfTWS.do?resourceId=9225762,won: EMERGENCY SUPPLEMENTARY SERVICES; value: 5202140.00 Currency: JMD; date: 09/04/2026 16:22:24; agency: MPM Waste Management
K AND S GARBAGE DISPOSAL LIMITED,Jamaica,GOJEP Awards,,,,,S0630-Transportation and Haulage - Garbage Collection and Disposal,,,,,,https://www.gojep.gov.jm/epps/cft/prepareViewCfTWS.do?resourceId=9225511,won: EMERGENCY SUPPLEMENTARY SERVICES; value: 7438400.00 Currency: JMD; date: 09/04/2026 16:14:42; agency: MPM Waste Management
Jlink Waste Management Solutions and Services Limited,Jamaica,GOJEP Awards,,,,,S0630-Transportation and Haulage - Garbage Collection and Disposal,,,,,,https://www.gojep.gov.jm/epps/cft/prepareViewCfTWS.do?resourceId=9225348,won: EMERGENCY SUPPLEMENTARY SERVICES; value: 3182160.00 Currency: JMD; date: 09/04/2026 16:07:15; agency: MPM Waste Management
SHAMAR D STEPHENS T/AS DETRITUS DISPOSAL AND RECYCLING,Jamaica,GOJEP Awards,,,,,S0630-Transportation and Haulage - Garbage Collection and Disposal,,,,,,https://www.gojep.gov.jm/epps/cft/prepareViewCfTWS.do?resourceId=9225248,won: EMERGENCY SUPPLEMENTARY SERVICES; value: 3659484.00 Currency: JMD; date: 09/04/2026 16:03:06; agency: MPM Waste Management
DAVID'S SCRAP METAL COMPANY LIMITED,Jamaica,GOJEP Awards,,,,,S0630-Transportation and Haulage - Garbage Collection and Disposal,,,,,,https://www.gojep.gov.jm/epps/cft/prepareViewCfTWS.do?resourceId=9225031,won: EMERGENCY SUPPLEMENTARY SERVICES; value: 5379930.00 Currency: JMD; date: 09/04/2026 15:53:44; agency: MPM Waste Management
Michael Beckford T/A Becky's Trucking,Jamaica,GOJEP Awards,,,,,S0630-Transportation and Haulage - Garbage Collection and Disposal,,,,,,https://www.gojep.gov.jm/epps/cft/prepareViewCfTWS.do?resourceId=9224738,won: EMERGENCY SUPPLEMENTARY SERVICES; value: 11459750.00 Currency: JMD; date: 09/04/2026 15:40:53; agency: MPM Waste Management
1Hardarak Company Limited,Jamaica,GOJEP Awards,,,,,S0630-Transportation and Haulage - Garbage Collection and Disposal,,,,,,https://www.gojep.gov.jm/epps/cft/prepareViewCfTWS.do?resourceId=9224399,won: EMERGENCY SUPPLEMENTARY SERVICES; value: 6287600.00 Currency: JMD; date: 09/04/2026 15:26:49; agency: MPM Waste Management
Garnett Harris T/A SkyCrop Solutions JA,Jamaica,GOJEP Awards,,,,,"G0020-Agricultural Tools, Equipment Parts and Supplies",,,,,supply,https://www.gojep.gov.jm/epps/cft/prepareViewCfTWS.do?resourceId=8766886,won: Supply and Delivery of Drones under the RADA Hurricane Melissa Rapid Response Recovery Resilience Programme: RADA/GOODS/30/2025; value: 21606750.00 Currency: JMD; date: 09/04/2026 14:03:19; agency: Rural Agricultural Development Authority
